,url
0,https://tiki.vn/nha-sach-tiki/c8322?src=c.8322.hamburger_menu_fly_out_banner&order=top_seller
1,https://tiki.vn/nha-sach-tiki/c8322?src=c.8322.hamburger_menu_fly_out_banner&order=top_seller&page=2
2,https://tiki.vn/nha-sach-tiki/c8322?src=c.8322.hamburger_menu_fly_out_banner&order=top_seller&page=3
3,https://tiki.vn/nha-sach-tiki/c8322?src=c.8322.hamburger_menu_fly_out_banner&order=top_seller&page=4
4,https://tiki.vn/nha-sach-tiki/c8322?src=c.8322.hamburger_menu_fly_out_banner&order=top_seller&page=5
5,https://tiki.vn/nha-sach-tiki/c8322?src=c.8322.hamburger_menu_fly_out_banner&order=top_seller&page=6
6,https://tiki.vn/nha-sach-tiki/c8322?src=c.8322.hamburger_menu_fly_out_banner&order=top_seller&page=7
7,https://tiki.vn/nha-sach-tiki/c8322?src=c.8322.hamburger_menu_fly_out_banner&order=top_seller&page=8
8,https://tiki.vn/nha-sach-tiki/c8322?src=c.8322.hamburger_menu_fly_out_banner&order=top_seller&page=9
9,https://tiki.vn/nha-sach-tiki/c8322?src=c.8322.hamburger_menu_fly_out_banner&order=top_seller&page=10
10,https://tiki.vn/nha-sach-tiki/c8322?src=c.8322.hamburger_menu_fly_out_banner&order=top_seller&page=11
11,https://tiki.vn/nha-sach-tiki/c8322?src=c.8322.hamburger_menu_fly_out_banner&order=top_seller&page=12
12,https://tiki.vn/nha-sach-tiki/c8322?src=c.8322.hamburger_menu_fly_out_banner&order=top_seller&page=13
13,https://tiki.vn/nha-sach-tiki/c8322?src=c.8322.hamburger_menu_fly_out_banner&order=top_seller&page=14
14,https://tiki.vn/nha-sach-tiki/c8322?src=c.8322.hamburger_menu_fly_out_banner&order=top_seller&page=15
15,https://tiki.vn/nha-sach-tiki/c8322?src=c.8322.hamburger_menu_fly_out_banner&order=top_seller&page=16
16,https://tiki.vn/nha-sach-tiki/c8322?src=c.8322.hamburger_menu_fly_out_banner&order=top_seller&page=17
17,https://tiki.vn/nha-sach-tiki/c8322?src=c.8322.hamburger_menu_fly_out_banner&order=top_seller&page=18
18,https://tiki.vn/nha-sach-tiki/c8322?src=c.8322.hamburger_menu_fly_out_banner&order=top_seller&page=19
19,https://tiki.vn/nha-sach-tiki/c8322?src=c.8322.hamburger_menu_fly_out_banner&order=top_seller&page=20
20,https://tiki.vn/nha-sach-tiki/c8322?src=c.8322.hamburger_menu_fly_out_banner&order=top_seller&page=21
21,https://tiki.vn/nha-sach-tiki/c8322?src=c.8322.hamburger_menu_fly_out_banner&order=top_seller&page=22
22,https://tiki.vn/nha-sach-tiki/c8322?src=c.8322.hamburger_menu_fly_out_banner&order=top_seller&page=23
23,https://tiki.vn/nha-sach-tiki/c8322?src=c.8322.hamburger_menu_fly_out_banner&order=top_seller&page=24
24,https://tiki.vn/nha-sach-tiki/c8322?src=c.8322.hamburger_menu_fly_out_banner&order=top_seller&page=25
25,https://tiki.vn/nha-sach-tiki/c8322?src=c.8322.hamburger_menu_fly_out_banner&order=top_seller&page=26
26,https://tiki.vn/nha-sach-tiki/c8322?src=c.8322.hamburger_menu_fly_out_banner&order=top_seller&page=27
27,https://tiki.vn/nha-sach-tiki/c8322?src=c.8322.hamburger_menu_fly_out_banner&order=top_seller&page=28
28,https://tiki.vn/nha-sach-tiki/c8322?src=c.8322.hamburger_menu_fly_out_banner&order=top_seller&page=29
29,https://tiki.vn/nha-sach-tiki/c8322?src=c.8322.hamburger_menu_fly_out_banner&order=top_seller&page=30
30,https://tiki.vn/nha-sach-tiki/c8322?src=c.8322.hamburger_menu_fly_out_banner&order=top_seller&page=31
31,https://tiki.vn/nha-sach-tiki/c8322?src=c.8322.hamburger_menu_fly_out_banner&order=top_seller&page=32
32,https://tiki.vn/nha-sach-tiki/c8322?src=c.8322.hamburger_menu_fly_out_banner&order=top_seller&page=33
33,https://tiki.vn/nha-sach-tiki/c8322?src=c.8322.hamburger_menu_fly_out_banner&order=top_seller&page=34
34,https://tiki.vn/nha-sach-tiki/c8322?src=c.8322.hamburger_menu_fly_out_banner&order=top_seller&page=35
35,https://tiki.vn/nha-sach-tiki/c8322?src=c.8322.hamburger_menu_fly_out_banner&order=top_seller&page=36
36,https://tiki.vn/nha-sach-tiki/c8322?src=c.8322.hamburger_menu_fly_out_banner&order=top_seller&page=37
37,https://tiki.vn/nha-sach-tiki/c8322?src=c.8322.hamburger_menu_fly_out_banner&order=top_seller&page=38
38,https://tiki.vn/nha-sach-tiki/c8322?src=c.8322.hamburger_menu_fly_out_banner&order=top_seller&page=39
39,https://tiki.vn/nha-sach-tiki/c8322?src=c.8322.hamburger_menu_fly_out_banner&order=top_seller&page=40
40,https://tiki.vn/nha-sach-tiki/c8322?src=c.8322.hamburger_menu_fly_out_banner&order=top_seller&page=41
41,https://tiki.vn/nha-sach-tiki/c8322?src=c.8322.hamburger_menu_fly_out_banner&order=top_seller&page=42
42,https://tiki.vn/nha-sach-tiki/c8322?src=c.8322.hamburger_menu_fly_out_banner&order=top_seller&page=43
43,https://tiki.vn/nha-sach-tiki/c8322?src=c.8322.hamburger_menu_fly_out_banner&order=top_seller&page=44
44,https://tiki.vn/nha-sach-tiki/c8322?src=c.8322.hamburger_menu_fly_out_banner&order=top_seller&page=45
45,https://tiki.vn/nha-sach-tiki/c8322?src=c.8322.hamburger_menu_fly_out_banner&order=top_seller&page=46
46,https://tiki.vn/nha-sach-tiki/c8322?src=c.8322.hamburger_menu_fly_out_banner&order=top_seller&page=47
47,https://tiki.vn/nha-sach-tiki/c8322?src=c.8322.hamburger_menu_fly_out_banner&order=top_seller&page=48
48,https://tiki.vn/nha-sach-tiki/c8322?src=c.8322.hamburger_menu_fly_out_banner&order=top_seller&page=49
49,https://tiki.vn/nha-sach-tiki/c8322?src=c.8322.hamburger_menu_fly_out_banner&order=top_seller&page=50
50,https://tiki.vn/nha-sach-tiki/c8322?src=c.8322.hamburger_menu_fly_out_banner&order=top_seller&page=51
51,https://tiki.vn/nha-sach-tiki/c8322?src=c.8322.hamburger_menu_fly_out_banner&order=top_seller&page=52
52,https://tiki.vn/nha-sach-tiki/c8322?src=c.8322.hamburger_menu_fly_out_banner&order=top_seller&page=53
53,https://tiki.vn/nha-sach-tiki/c8322?src=c.8322.hamburger_menu_fly_out_banner&order=top_seller&page=54
54,https://tiki.vn/nha-sach-tiki/c8322?src=c.8322.hamburger_menu_fly_out_banner&order=top_seller&page=55
55,https://tiki.vn/nha-sach-tiki/c8322?src=c.8322.hamburger_menu_fly_out_banner&order=top_seller&page=56
56,https://tiki.vn/nha-sach-tiki/c8322?src=c.8322.hamburger_menu_fly_out_banner&order=top_seller&page=57
57,https://tiki.vn/nha-sach-tiki/c8322?src=c.8322.hamburger_menu_fly_out_banner&order=top_seller&page=58
58,https://tiki.vn/nha-sach-tiki/c8322?src=c.8322.hamburger_menu_fly_out_banner&order=top_seller&page=59
59,https://tiki.vn/nha-sach-tiki/c8322?src=c.8322.hamburger_menu_fly_out_banner&order=top_seller&page=60
60,https://tiki.vn/nha-sach-tiki/c8322?src=c.8322.hamburger_menu_fly_out_banner&order=top_seller&page=61
61,https://tiki.vn/nha-sach-tiki/c8322?src=c.8322.hamburger_menu_fly_out_banner&order=top_seller&page=62
62,https://tiki.vn/nha-sach-tiki/c8322?src=c.8322.hamburger_menu_fly_out_banner&order=top_seller&page=63
63,https://tiki.vn/nha-sach-tiki/c8322?src=c.8322.hamburger_menu_fly_out_banner&order=top_seller&page=64
64,https://tiki.vn/nha-sach-tiki/c8322?src=c.8322.hamburger_menu_fly_out_banner&order=top_seller&page=65
65,https://tiki.vn/nha-sach-tiki/c8322?src=c.8322.hamburger_menu_fly_out_banner&order=top_seller&page=66
66,https://tiki.vn/nha-sach-tiki/c8322?src=c.8322.hamburger_menu_fly_out_banner&order=top_seller&page=67
67,https://tiki.vn/nha-sach-tiki/c8322?src=c.8322.hamburger_menu_fly_out_banner&order=top_seller&page=68
68,https://tiki.vn/nha-sach-tiki/c8322?src=c.8322.hamburger_menu_fly_out_banner&order=top_seller&page=69
69,https://tiki.vn/nha-sach-tiki/c8322?src=c.8322.hamburger_menu_fly_out_banner&order=top_seller&page=70
70,https://tiki.vn/nha-sach-tiki/c8322?src=c.8322.hamburger_menu_fly_out_banner&order=top_seller&page=71
71,https://tiki.vn/nha-sach-tiki/c8322?src=c.8322.hamburger_menu_fly_out_banner&order=top_seller&page=72
72,https://tiki.vn/nha-sach-tiki/c8322?src=c.8322.hamburger_menu_fly_out_banner&order=top_seller&page=73
73,https://tiki.vn/nha-sach-tiki/c8322?src=c.8322.hamburger_menu_fly_out_banner&order=top_seller&page=74
74,https://tiki.vn/nha-sach-tiki/c8322?src=c.8322.hamburger_menu_fly_out_banner&order=top_seller&page=75
75,https://tiki.vn/nha-sach-tiki/c8322?src=c.8322.hamburger_menu_fly_out_banner&order=top_seller&page=76
76,https://tiki.vn/nha-sach-tiki/c8322?src=c.8322.hamburger_menu_fly_out_banner&order=top_seller&page=77
77,https://tiki.vn/nha-sach-tiki/c8322?src=c.8322.hamburger_menu_fly_out_banner&order=top_seller&page=78
78,https://tiki.vn/nha-sach-tiki/c8322?src=c.8322.hamburger_menu_fly_out_banner&order=top_seller&page=79
79,https://tiki.vn/nha-sach-tiki/c8322?src=c.8322.hamburger_menu_fly_out_banner&order=top_seller&page=80
80,https://tiki.vn/nha-sach-tiki/c8322?src=c.8322.hamburger_menu_fly_out_banner&order=top_seller&page=81
81,https://tiki.vn/nha-sach-tiki/c8322?src=c.8322.hamburger_menu_fly_out_banner&order=top_seller&page=82
82,https://tiki.vn/nha-sach-tiki/c8322?src=c.8322.hamburger_menu_fly_out_banner&order=top_seller&page=83
83,https://tiki.vn/nha-sach-tiki/c8322?src=c.8322.hamburger_menu_fly_out_banner&order=top_seller&page=84
84,https://tiki.vn/nha-sach-tiki/c8322?src=c.8322.hamburger_menu_fly_out_banner&order=top_seller&page=85
85,https://tiki.vn/nha-sach-tiki/c8322?src=c.8322.hamburger_menu_fly_out_banner&order=top_seller&page=86
86,https://tiki.vn/nha-sach-tiki/c8322?src=c.8322.hamburger_menu_fly_out_banner&order=top_seller&page=87
87,https://tiki.vn/nha-sach-tiki/c8322?src=c.8322.hamburger_menu_fly_out_banner&order=top_seller&page=88
88,https://tiki.vn/nha-sach-tiki/c8322?src=c.8322.hamburger_menu_fly_out_banner&order=top_seller&page=89
89,https://tiki.vn/nha-sach-tiki/c8322?src=c.8322.hamburger_menu_fly_out_banner&order=top_seller&page=90
90,https://tiki.vn/nha-sach-tiki/c8322?src=c.8322.hamburger_menu_fly_out_banner&order=top_seller&page=91
91,https://tiki.vn/nha-sach-tiki/c8322?src=c.8322.hamburger_menu_fly_out_banner&order=top_seller&page=92
92,https://tiki.vn/nha-sach-tiki/c8322?src=c.8322.hamburger_menu_fly_out_banner&order=top_seller&page=93
93,https://tiki.vn/nha-sach-tiki/c8322?src=c.8322.hamburger_menu_fly_out_banner&order=top_seller&page=94
94,https://tiki.vn/nha-sach-tiki/c8322?src=c.8322.hamburger_menu_fly_out_banner&order=top_seller&page=95
95,https://tiki.vn/nha-sach-tiki/c8322?src=c.8322.hamburger_menu_fly_out_banner&order=top_seller&page=96
96,https://tiki.vn/nha-sach-tiki/c8322?src=c.8322.hamburger_menu_fly_out_banner&order=top_seller&page=97
97,https://tiki.vn/nha-sach-tiki/c8322?src=c.8322.hamburger_menu_fly_out_banner&order=top_seller&page=98
98,https://tiki.vn/nha-sach-tiki/c8322?src=c.8322.hamburger_menu_fly_out_banner&order=top_seller&page=99
99,https://tiki.vn/nha-sach-tiki/c8322?src=c.8322.hamburger_menu_fly_out_banner&order=top_seller&page=100
100,https://tiki.vn/nha-sach-tiki/c8322?src=c.8322.hamburger_menu_fly_out_banner&order=top_seller&page=101
101,https://tiki.vn/nha-sach-tiki/c8322?src=c.8322.hamburger_menu_fly_out_banner&order=top_seller&page=102
102,https://tiki.vn/nha-sach-tiki/c8322?src=c.8322.hamburger_menu_fly_out_banner&order=top_seller&page=103
103,https://tiki.vn/nha-sach-tiki/c8322?src=c.8322.hamburger_menu_fly_out_banner&order=top_seller&page=104
104,https://tiki.vn/nha-sach-tiki/c8322?src=c.8322.hamburger_menu_fly_out_banner&order=top_seller&page=105
105,https://tiki.vn/nha-sach-tiki/c8322?src=c.8322.hamburger_menu_fly_out_banner&order=top_seller&page=106
106,https://tiki.vn/nha-sach-tiki/c8322?src=c.8322.hamburger_menu_fly_out_banner&order=top_seller&page=107
107,https://tiki.vn/nha-sach-tiki/c8322?src=c.8322.hamburger_menu_fly_out_banner&order=top_seller&page=108
108,https://tiki.vn/nha-sach-tiki/c8322?src=c.8322.hamburger_menu_fly_out_banner&order=top_seller&page=109
109,https://tiki.vn/nha-sach-tiki/c8322?src=c.8322.hamburger_menu_fly_out_banner&order=top_seller&page=110
110,https://tiki.vn/nha-sach-tiki/c8322?src=c.8322.hamburger_menu_fly_out_banner&order=top_seller&page=111
111,https://tiki.vn/nha-sach-tiki/c8322?src=c.8322.hamburger_menu_fly_out_banner&order=top_seller&page=112
112,https://tiki.vn/nha-sach-tiki/c8322?src=c.8322.hamburger_menu_fly_out_banner&order=top_seller&page=113
113,https://tiki.vn/nha-sach-tiki/c8322?src=c.8322.hamburger_menu_fly_out_banner&order=top_seller&page=114
114,https://tiki.vn/nha-sach-tiki/c8322?src=c.8322.hamburger_menu_fly_out_banner&order=top_seller&page=115
115,https://tiki.vn/nha-sach-tiki/c8322?src=c.8322.hamburger_menu_fly_out_banner&order=top_seller&page=116
116,https://tiki.vn/nha-sach-tiki/c8322?src=c.8322.hamburger_menu_fly_out_banner&order=top_seller&page=117
117,https://tiki.vn/nha-sach-tiki/c8322?src=c.8322.hamburger_menu_fly_out_banner&order=top_seller&page=118
118,https://tiki.vn/nha-sach-tiki/c8322?src=c.8322.hamburger_menu_fly_out_banner&order=top_seller&page=119
119,https://tiki.vn/nha-sach-tiki/c8322?src=c.8322.hamburger_menu_fly_out_banner&order=top_seller&page=120
120,https://tiki.vn/nha-sach-tiki/c8322?src=c.8322.hamburger_menu_fly_out_banner&order=top_seller&page=121
121,https://tiki.vn/nha-sach-tiki/c8322?src=c.8322.hamburger_menu_fly_out_banner&order=top_seller&page=122
122,https://tiki.vn/nha-sach-tiki/c8322?src=c.8322.hamburger_menu_fly_out_banner&order=top_seller&page=123
123,https://tiki.vn/nha-sach-tiki/c8322?src=c.8322.hamburger_menu_fly_out_banner&order=top_seller&page=124
124,https://tiki.vn/nha-sach-tiki/c8322?src=c.8322.hamburger_menu_fly_out_banner&order=top_seller&page=125
125,https://tiki.vn/nha-sach-tiki/c8322?src=c.8322.hamburger_menu_fly_out_banner&order=top_seller&page=126
126,https://tiki.vn/nha-sach-tiki/c8322?src=c.8322.hamburger_menu_fly_out_banner&order=top_seller&page=127
127,https://tiki.vn/nha-sach-tiki/c8322?src=c.8322.hamburger_menu_fly_out_banner&order=top_seller&page=128
128,https://tiki.vn/nha-sach-tiki/c8322?src=c.8322.hamburger_menu_fly_out_banner&order=top_seller&page=129
129,https://tiki.vn/nha-sach-tiki/c8322?src=c.8322.hamburger_menu_fly_out_banner&order=top_seller&page=130
130,https://tiki.vn/nha-sach-tiki/c8322?src=c.8322.hamburger_menu_fly_out_banner&order=top_seller&page=131
131,https://tiki.vn/nha-sach-tiki/c8322?src=c.8322.hamburger_menu_fly_out_banner&order=top_seller&page=132
132,https://tiki.vn/nha-sach-tiki/c8322?src=c.8322.hamburger_menu_fly_out_banner&order=top_seller&page=133
133,https://tiki.vn/nha-sach-tiki/c8322?src=c.8322.hamburger_menu_fly_out_banner&order=top_seller&page=134
134,https://tiki.vn/nha-sach-tiki/c8322?src=c.8322.hamburger_menu_fly_out_banner&order=top_seller&page=135
135,https://tiki.vn/nha-sach-tiki/c8322?src=c.8322.hamburger_menu_fly_out_banner&order=top_seller&page=136
136,https://tiki.vn/nha-sach-tiki/c8322?src=c.8322.hamburger_menu_fly_out_banner&order=top_seller&page=137
137,https://tiki.vn/nha-sach-tiki/c8322?src=c.8322.hamburger_menu_fly_out_banner&order=top_seller&page=138
138,https://tiki.vn/nha-sach-tiki/c8322?src=c.8322.hamburger_menu_fly_out_banner&order=top_seller&page=139
139,https://tiki.vn/nha-sach-tiki/c8322?src=c.8322.hamburger_menu_fly_out_banner&order=top_seller&page=140
140,https://tiki.vn/nha-sach-tiki/c8322?src=c.8322.hamburger_menu_fly_out_banner&order=top_seller&page=141
141,https://tiki.vn/nha-sach-tiki/c8322?src=c.8322.hamburger_menu_fly_out_banner&order=top_seller&page=142
142,https://tiki.vn/nha-sach-tiki/c8322?src=c.8322.hamburger_menu_fly_out_banner&order=top_seller&page=143
143,https://tiki.vn/nha-sach-tiki/c8322?src=c.8322.hamburger_menu_fly_out_banner&order=top_seller&page=144
144,https://tiki.vn/nha-sach-tiki/c8322?src=c.8322.hamburger_menu_fly_out_banner&order=top_seller&page=145
145,https://tiki.vn/nha-sach-tiki/c8322?src=c.8322.hamburger_menu_fly_out_banner&order=top_seller&page=146
146,https://tiki.vn/nha-sach-tiki/c8322?src=c.8322.hamburger_menu_fly_out_banner&order=top_seller&page=147
147,https://tiki.vn/nha-sach-tiki/c8322?src=c.8322.hamburger_menu_fly_out_banner&order=top_seller&page=148
148,https://tiki.vn/nha-sach-tiki/c8322?src=c.8322.hamburger_menu_fly_out_banner&order=top_seller&page=149
149,https://tiki.vn/nha-sach-tiki/c8322?src=c.8322.hamburger_menu_fly_out_banner&order=top_seller&page=150
150,https://tiki.vn/nha-sach-tiki/c8322?src=c.8322.hamburger_menu_fly_out_banner&order=top_seller&page=151
151,https://tiki.vn/nha-sach-tiki/c8322?src=c.8322.hamburger_menu_fly_out_banner&order=top_seller&page=152
152,https://tiki.vn/nha-sach-tiki/c8322?src=c.8322.hamburger_menu_fly_out_banner&order=top_seller&page=153
153,https://tiki.vn/nha-sach-tiki/c8322?src=c.8322.hamburger_menu_fly_out_banner&order=top_seller&page=154
154,https://tiki.vn/nha-sach-tiki/c8322?src=c.8322.hamburger_menu_fly_out_banner&order=top_seller&page=155
155,https://tiki.vn/nha-sach-tiki/c8322?src=c.8322.hamburger_menu_fly_out_banner&order=top_seller&page=156
156,https://tiki.vn/nha-sach-tiki/c8322?src=c.8322.hamburger_menu_fly_out_banner&order=top_seller&page=157
157,https://tiki.vn/nha-sach-tiki/c8322?src=c.8322.hamburger_menu_fly_out_banner&order=top_seller&page=158
158,https://tiki.vn/nha-sach-tiki/c8322?src=c.8322.hamburger_menu_fly_out_banner&order=top_seller&page=159
159,https://tiki.vn/nha-sach-tiki/c8322?src=c.8322.hamburger_menu_fly_out_banner&order=top_seller&page=160
160,https://tiki.vn/nha-sach-tiki/c8322?src=c.8322.hamburger_menu_fly_out_banner&order=top_seller&page=161
161,https://tiki.vn/nha-sach-tiki/c8322?src=c.8322.hamburger_menu_fly_out_banner&order=top_seller&page=162
162,https://tiki.vn/nha-sach-tiki/c8322?src=c.8322.hamburger_menu_fly_out_banner&order=top_seller&page=163
163,https://tiki.vn/nha-sach-tiki/c8322?src=c.8322.hamburger_menu_fly_out_banner&order=top_seller&page=164
164,https://tiki.vn/nha-sach-tiki/c8322?src=c.8322.hamburger_menu_fly_out_banner&order=top_seller&page=165
165,https://tiki.vn/nha-sach-tiki/c8322?src=c.8322.hamburger_menu_fly_out_banner&order=top_seller&page=166
166,https://tiki.vn/nha-sach-tiki/c8322?src=c.8322.hamburger_menu_fly_out_banner&order=top_seller&page=167
167,https://tiki.vn/nha-sach-tiki/c8322?src=c.8322.hamburger_menu_fly_out_banner&order=top_seller&page=168
168,https://tiki.vn/nha-sach-tiki/c8322?src=c.8322.hamburger_menu_fly_out_banner&order=top_seller&page=169
169,https://tiki.vn/nha-sach-tiki/c8322?src=c.8322.hamburger_menu_fly_out_banner&order=top_seller&page=170
170,https://tiki.vn/nha-sach-tiki/c8322?src=c.8322.hamburger_menu_fly_out_banner&order=top_seller&page=171
171,https://tiki.vn/nha-sach-tiki/c8322?src=c.8322.hamburger_menu_fly_out_banner&order=top_seller&page=172
172,https://tiki.vn/nha-sach-tiki/c8322?src=c.8322.hamburger_menu_fly_out_banner&order=top_seller&page=173
173,https://tiki.vn/nha-sach-tiki/c8322?src=c.8322.hamburger_menu_fly_out_banner&order=top_seller&page=174
174,https://tiki.vn/nha-sach-tiki/c8322?src=c.8322.hamburger_menu_fly_out_banner&order=top_seller&page=175
175,https://tiki.vn/nha-sach-tiki/c8322?src=c.8322.hamburger_menu_fly_out_banner&order=top_seller&page=176
176,https://tiki.vn/nha-sach-tiki/c8322?src=c.8322.hamburger_menu_fly_out_banner&order=top_seller&page=177
177,https://tiki.vn/nha-sach-tiki/c8322?src=c.8322.hamburger_menu_fly_out_banner&order=top_seller&page=178
178,https://tiki.vn/nha-sach-tiki/c8322?src=c.8322.hamburger_menu_fly_out_banner&order=top_seller&page=179
179,https://tiki.vn/nha-sach-tiki/c8322?src=c.8322.hamburger_menu_fly_out_banner&order=top_seller&page=180
180,https://tiki.vn/nha-sach-tiki/c8322?src=c.8322.hamburger_menu_fly_out_banner&order=top_seller&page=181
181,https://tiki.vn/nha-sach-tiki/c8322?src=c.8322.hamburger_menu_fly_out_banner&order=top_seller&page=182
182,https://tiki.vn/nha-sach-tiki/c8322?src=c.8322.hamburger_menu_fly_out_banner&order=top_seller&page=183
183,https://tiki.vn/nha-sach-tiki/c8322?src=c.8322.hamburger_menu_fly_out_banner&order=top_seller&page=184
184,https://tiki.vn/nha-sach-tiki/c8322?src=c.8322.hamburger_menu_fly_out_banner&order=top_seller&page=185
185,https://tiki.vn/nha-sach-tiki/c8322?src=c.8322.hamburger_menu_fly_out_banner&order=top_seller&page=186
186,https://tiki.vn/nha-sach-tiki/c8322?src=c.8322.hamburger_menu_fly_out_banner&order=top_seller&page=187
187,https://tiki.vn/nha-sach-tiki/c8322?src=c.8322.hamburger_menu_fly_out_banner&order=top_seller&page=188
188,https://tiki.vn/nha-sach-tiki/c8322?src=c.8322.hamburger_menu_fly_out_banner&order=top_seller&page=189
189,https://tiki.vn/nha-sach-tiki/c8322?src=c.8322.hamburger_menu_fly_out_banner&order=top_seller&page=190
190,https://tiki.vn/nha-sach-tiki/c8322?src=c.8322.hamburger_menu_fly_out_banner&order=top_seller&page=191
191,https://tiki.vn/nha-sach-tiki/c8322?src=c.8322.hamburger_menu_fly_out_banner&order=top_seller&page=192
192,https://tiki.vn/nha-sach-tiki/c8322?src=c.8322.hamburger_menu_fly_out_banner&order=top_seller&page=193
193,https://tiki.vn/nha-sach-tiki/c8322?src=c.8322.hamburger_menu_fly_out_banner&order=top_seller&page=194
194,https://tiki.vn/nha-sach-tiki/c8322?src=c.8322.hamburger_menu_fly_out_banner&order=top_seller&page=195
195,https://tiki.vn/nha-sach-tiki/c8322?src=c.8322.hamburger_menu_fly_out_banner&order=top_seller&page=196
196,https://tiki.vn/nha-sach-tiki/c8322?src=c.8322.hamburger_menu_fly_out_banner&order=top_seller&page=197
197,https://tiki.vn/nha-sach-tiki/c8322?src=c.8322.hamburger_menu_fly_out_banner&order=top_seller&page=198
198,https://tiki.vn/nha-sach-tiki/c8322?src=c.8322.hamburger_menu_fly_out_banner&order=top_seller&page=199
199,https://tiki.vn/nha-sach-tiki/c8322?src=c.8322.hamburger_menu_fly_out_banner&order=top_seller&page=200
200,https://tiki.vn/nha-sach-tiki/c8322?src=c.8322.hamburger_menu_fly_out_banner&order=top_seller&page=201
201,https://tiki.vn/nha-sach-tiki/c8322?src=c.8322.hamburger_menu_fly_out_banner&order=top_seller&page=202
202,https://tiki.vn/nha-sach-tiki/c8322?src=c.8322.hamburger_menu_fly_out_banner&order=top_seller&page=203
203,https://tiki.vn/nha-sach-tiki/c8322?src=c.8322.hamburger_menu_fly_out_banner&order=top_seller&page=204
204,https://tiki.vn/nha-sach-tiki/c8322?src=c.8322.hamburger_menu_fly_out_banner&order=top_seller&page=205
205,https://tiki.vn/nha-sach-tiki/c8322?src=c.8322.hamburger_menu_fly_out_banner&order=top_seller&page=206
206,https://tiki.vn/nha-sach-tiki/c8322?src=c.8322.hamburger_menu_fly_out_banner&order=top_seller&page=207
207,https://tiki.vn/nha-sach-tiki/c8322?src=c.8322.hamburger_menu_fly_out_banner&order=top_seller&page=208
208,https://tiki.vn/nha-sach-tiki/c8322?src=c.8322.hamburger_menu_fly_out_banner&order=top_seller&page=209
